,open,high,low,close,adjclose,volume,ticker
2018-09-30,130.1999969482422,130.1999969482422,130.1999969482422,130.1999969482422,130.1999969482422,0,ITMR.TA
2018-10-01,130.1999969482422,130.1999969482422,130.1999969482422,130.1999969482422,130.1999969482422,0,ITMR.TA
2018-10-02,129.0,136.60000610351562,129.0,135.8000030517578,135.8000030517578,350227,ITMR.TA
2018-10-03,134.0,138.89999389648438,133.89999389648438,138.60000610351562,138.60000610351562,347270,ITMR.TA
2018-10-04,138.60000610351562,138.89999389648438,137.5,137.5,137.5,244688,ITMR.TA
2018-10-07,137.5,137.5,135.0,135.5,135.5,80002,ITMR.TA
2018-10-08,134.0,135.89999389648438,134.0,135.60000610351562,135.60000610351562,50583,ITMR.TA
2018-10-09,135.60000610351562,136.89999389648438,133.10000610351562,135.60000610351562,135.60000610351562,46352,ITMR.TA
2018-10-10,135.60000610351562,136.3000030517578,133.10000610351562,134.39999389648438,134.39999389648438,193607,ITMR.TA
2018-10-11,128.0,132.89999389648438,128.0,130.60000610351562,130.60000610351562,483886,ITMR.TA
2018-10-14,130.60000610351562,132.0,130.60000610351562,131.3000030517578,131.3000030517578,33051,ITMR.TA
2018-10-15,131.3000030517578,133.3000030517578,129.1999969482422,129.6999969482422,129.6999969482422,65074,ITMR.TA
2018-10-16,129.6999969482422,132.10000610351562,131.0,131.89999389648438,131.89999389648438,30300,ITMR.TA
2018-10-17,130.0,133.1999969482422,130.0,131.39999389648438,131.39999389648438,40479,ITMR.TA
2018-10-18,131.39999389648438,133.0,130.6999969482422,130.89999389648438,130.89999389648438,20608,ITMR.TA
2018-10-21,130.89999389648438,131.1999969482422,128.6999969482422,129.39999389648438,129.39999389648438,56032,ITMR.TA
2018-10-22,129.39999389648438,131.1999969482422,128.0,128.5,128.5,34902,ITMR.TA
2018-10-23,128.5,128.1999969482422,122.0,122.9000015258789,122.9000015258789,158734,ITMR.TA
2018-10-24,122.9000015258789,129.0,123.30000305175781,124.30000305175781,124.30000305175781,192170,ITMR.TA
2018-10-25,124.30000305175781,124.30000305175781,118.0999984741211,122.69999694824219,122.69999694824219,97141,ITMR.TA
2018-10-28,122.69999694824219,126.0,122.5,124.9000015258789,124.9000015258789,75094,ITMR.TA
2018-10-29,124.9000015258789,127.5999984741211,126.5,127.0,127.0,25807,ITMR.TA
2018-10-30,127.0,127.0,127.0,127.0,127.0,0,ITMR.TA
2018-10-31,127.0,127.5999984741211,119.0,127.0,127.0,194048,ITMR.TA
2018-11-01,128.89999389648438,129.8000030517578,128.3000030517578,129.6999969482422,129.6999969482422,51927,ITMR.TA
2018-11-04,125.80000305175781,139.10000610351562,125.80000305175781,138.89999389648438,138.89999389648438,300669,ITMR.TA
2018-11-05,138.89999389648438,139.89999389648438,134.89999389648438,136.5,136.5,579812,ITMR.TA
2018-11-06,133.5,138.89999389648438,133.5,137.5,137.5,171984,ITMR.TA
2018-11-07,137.5,137.5,133.5,134.6999969482422,134.6999969482422,20124,ITMR.TA
2018-11-08,134.6999969482422,137.89999389648438,134.60000610351562,136.6999969482422,136.6999969482422,55782,ITMR.TA
2018-11-11,136.6999969482422,138.39999389648438,136.5,137.3000030517578,137.3000030517578,58432,ITMR.TA
2018-11-12,137.3000030517578,138.0,131.5,136.60000610351562,136.60000610351562,76820,ITMR.TA
2018-11-13,136.60000610351562,137.89999389648438,132.6999969482422,137.0,137.0,106297,ITMR.TA
2018-11-14,137.0,136.60000610351562,131.39999389648438,134.3000030517578,134.3000030517578,89740,ITMR.TA
2018-11-15,134.3000030517578,137.0,131.8000030517578,136.60000610351562,136.60000610351562,112164,ITMR.TA
2018-11-18,136.60000610351562,136.8000030517578,134.1999969482422,135.6999969482422,135.6999969482422,6050,ITMR.TA
2018-11-19,135.6999969482422,137.0,134.5,136.3000030517578,136.3000030517578,110097,ITMR.TA
2018-11-20,134.1999969482422,137.0,133.6999969482422,134.89999389648438,134.89999389648438,101908,ITMR.TA
2018-11-21,134.89999389648438,136.3000030517578,133.3000030517578,135.8000030517578,135.8000030517578,85025,ITMR.TA
2018-11-22,135.8000030517578,136.0,135.8000030517578,135.89999389648438,135.89999389648438,53272,ITMR.TA
2018-11-25,135.89999389648438,138.5,136.0,136.8000030517578,136.8000030517578,30817,ITMR.TA
2018-11-26,136.8000030517578,136.8000030517578,135.0,136.5,136.5,39683,ITMR.TA
2018-11-27,136.5,138.8000030517578,136.5,137.3000030517578,137.3000030517578,133216,ITMR.TA
2018-11-28,137.3000030517578,139.0,135.10000610351562,135.8000030517578,135.8000030517578,81331,ITMR.TA
2018-11-29,135.8000030517578,135.89999389648438,135.39999389648438,135.6999969482422,135.6999969482422,45121,ITMR.TA
2018-12-02,135.6999969482422,137.0,135.0,135.5,135.5,105586,ITMR.TA
2018-12-03,135.5,135.5,133.5,135.39999389648438,135.39999389648438,85731,ITMR.TA
2018-12-04,137.0,137.0,132.5,136.3000030517578,136.3000030517578,151649,ITMR.TA
2018-12-05,136.6999969482422,137.0,132.0,136.39999389648438,136.39999389648438,225860,ITMR.TA
2018-12-06,136.39999389648438,135.60000610351562,133.10000610351562,135.60000610351562,135.60000610351562,109150,ITMR.TA
2018-12-09,135.60000610351562,135.5,134.0,134.6999969482422,134.6999969482422,60545,ITMR.TA
2018-12-10,134.6999969482422,134.6999969482422,133.1999969482422,133.60000610351562,133.60000610351562,28014,ITMR.TA
2018-12-11,133.60000610351562,133.3000030517578,131.39999389648438,132.5,132.5,31094,ITMR.TA
2018-12-12,132.5,134.8000030517578,130.10000610351562,131.10000610351562,131.10000610351562,70866,ITMR.TA
2018-12-13,131.10000610351562,132.10000610351562,130.0,131.1999969482422,131.1999969482422,84789,ITMR.TA
2018-12-16,128.0,128.0,126.4000015258789,127.80000305175781,127.80000305175781,78074,ITMR.TA
2018-12-17,127.80000305175781,127.80000305175781,124.0,125.5999984741211,125.5999984741211,123223,ITMR.TA
2018-12-18,125.5999984741211,124.19999694824219,124.0999984741211,124.19999694824219,124.19999694824219,34944,ITMR.TA
2018-12-19,124.19999694824219,126.80000305175781,124.19999694824219,126.19999694824219,126.19999694824219,126338,ITMR.TA
2018-12-20,126.19999694824219,126.9000015258789,120.30000305175781,122.80000305175781,122.80000305175781,93813,ITMR.TA
2018-12-23,122.80000305175781,122.0,110.0,121.0,121.0,303707,ITMR.TA
2018-12-24,121.0,123.80000305175781,120.0,122.9000015258789,122.9000015258789,112271,ITMR.TA
2018-12-25,125.5,127.69999694824219,118.0999984741211,124.0,124.0,113917,ITMR.TA
2018-12-26,124.0,127.0,121.5,126.5999984741211,126.5999984741211,99935,ITMR.TA
2018-12-27,126.5999984741211,127.5999984741211,123.69999694824219,125.0999984741211,125.0999984741211,52870,ITMR.TA
2018-12-30,125.0999984741211,125.0,123.80000305175781,124.69999694824219,124.69999694824219,40946,ITMR.TA
2018-12-31,124.69999694824219,128.0,122.80000305175781,128.0,128.0,158382,ITMR.TA
2019-01-01,128.0,134.8000030517578,128.5,130.39999389648438,130.39999389648438,303982,ITMR.TA
2019-01-02,132.0,132.10000610351562,127.30000305175781,128.0,128.0,84723,ITMR.TA
2019-01-03,128.0,126.5999984741211,124.5999984741211,125.0,125.0,233812,ITMR.TA
2019-01-06,125.0,125.69999694824219,125.5999984741211,125.69999694824219,125.69999694824219,44086,ITMR.TA
2019-01-07,125.69999694824219,129.10000610351562,125.69999694824219,127.80000305175781,127.80000305175781,43248,ITMR.TA
2019-01-08,130.0,131.60000610351562,129.0,131.10000610351562,131.10000610351562,218825,ITMR.TA
2019-01-09,131.10000610351562,132.5,131.5,131.60000610351562,131.60000610351562,120341,ITMR.TA
2019-01-10,131.60000610351562,135.39999389648438,131.60000610351562,134.60000610351562,134.60000610351562,165323,ITMR.TA
2019-01-13,134.60000610351562,139.0,134.60000610351562,137.6999969482422,137.6999969482422,187220,ITMR.TA
2019-01-14,137.6999969482422,139.0,136.10000610351562,138.1999969482422,138.1999969482422,152459,ITMR.TA
2019-01-15,134.89999389648438,139.0,134.8000030517578,138.89999389648438,138.89999389648438,188640,ITMR.TA
2019-01-16,138.89999389648438,137.60000610351562,135.0,137.39999389648438,137.39999389648438,136413,ITMR.TA
2019-01-17,137.39999389648438,137.39999389648438,131.8000030517578,136.0,136.0,440837,ITMR.TA
2019-01-20,136.0,137.3000030517578,134.8000030517578,136.1999969482422,136.1999969482422,97502,ITMR.TA
2019-01-21,136.1999969482422,136.0,133.1999969482422,133.6999969482422,133.6999969482422,111310,ITMR.TA
2019-01-22,133.6999969482422,134.6999969482422,132.10000610351562,133.0,133.0,60515,ITMR.TA
2019-01-23,129.8000030517578,130.89999389648438,128.60000610351562,130.10000610351562,130.10000610351562,338979,ITMR.TA
2019-01-24,130.10000610351562,132.6999969482422,128.89999389648438,130.6999969482422,130.6999969482422,112017,ITMR.TA
2019-01-27,130.6999969482422,133.39999389648438,127.80000305175781,133.10000610351562,133.10000610351562,214428,ITMR.TA
2019-01-28,130.0,133.10000610351562,130.0,132.60000610351562,132.60000610351562,78630,ITMR.TA
2019-01-29,132.60000610351562,133.89999389648438,129.5,133.5,133.5,283307,ITMR.TA
2019-01-30,133.5,135.10000610351562,132.89999389648438,133.3000030517578,133.3000030517578,103965,ITMR.TA
2019-01-31,131.89999389648438,135.0,131.89999389648438,134.1999969482422,134.1999969482422,335347,ITMR.TA
2019-02-03,134.1999969482422,139.5,135.0,138.6999969482422,138.6999969482422,216301,ITMR.TA
2019-02-04,138.6999969482422,139.39999389648438,136.0,137.10000610351562,137.10000610351562,174977,ITMR.TA
2019-02-05,137.39999389648438,138.39999389648438,136.0,137.6999969482422,137.6999969482422,215665,ITMR.TA
2019-02-06,137.6999969482422,137.3000030517578,136.10000610351562,136.3000030517578,136.3000030517578,36694,ITMR.TA
2019-02-07,136.3000030517578,136.3000030517578,131.0,131.0,131.0,519751,ITMR.TA
2019-02-10,131.0,132.8000030517578,130.3000030517578,132.0,132.0,137851,ITMR.TA
2019-02-11,132.0,131.6999969482422,129.10000610351562,130.3000030517578,130.3000030517578,48874,ITMR.TA
2019-02-12,130.3000030517578,132.8000030517578,128.89999389648438,129.10000610351562,129.10000610351562,76992,ITMR.TA
2019-02-13,132.0,136.3000030517578,132.0,134.8000030517578,134.8000030517578,539926,ITMR.TA
2019-02-14,137.0,137.0,132.60000610351562,134.6999969482422,134.6999969482422,56117,ITMR.TA
2019-02-17,135.89999389648438,135.89999389648438,134.3000030517578,134.89999389648438,134.89999389648438,91606,ITMR.TA
2019-02-18,134.89999389648438,134.89999389648438,133.60000610351562,134.10000610351562,134.10000610351562,61868,ITMR.TA
2019-02-19,134.10000610351562,136.0,132.0,136.0,136.0,539708,ITMR.TA
2019-02-20,132.6999969482422,134.60000610351562,132.6999969482422,133.39999389648438,133.39999389648438,82830,ITMR.TA
2019-02-21,133.39999389648438,133.39999389648438,129.6999969482422,133.0,133.0,170692,ITMR.TA
2019-02-24,133.0,133.1999969482422,131.8000030517578,132.6999969482422,132.6999969482422,37508,ITMR.TA
2019-02-25,132.6999969482422,134.8000030517578,131.10000610351562,133.60000610351562,133.60000610351562,193080,ITMR.TA
2019-02-26,132.0,132.39999389648438,130.39999389648438,131.3000030517578,131.3000030517578,88164,ITMR.TA
2019-02-27,135.0,136.39999389648438,132.60000610351562,133.39999389648438,133.39999389648438,285956,ITMR.TA
2019-02-28,133.39999389648438,137.0,131.10000610351562,136.0,136.0,227690,ITMR.TA
2019-03-03,136.0,135.60000610351562,129.6999969482422,134.1999969482422,134.1999969482422,176323,ITMR.TA
2019-03-04,134.1999969482422,136.0,132.39999389648438,134.39999389648438,134.39999389648438,105455,ITMR.TA
2019-03-05,134.39999389648438,133.1999969482422,132.1999969482422,132.3000030517578,132.3000030517578,140461,ITMR.TA
2019-03-06,132.3000030517578,134.6999969482422,131.0,132.60000610351562,132.60000610351562,115636,ITMR.TA
2019-03-07,132.60000610351562,133.5,129.1999969482422,129.1999969482422,129.1999969482422,391802,ITMR.TA
2019-03-10,129.1999969482422,131.6999969482422,128.60000610351562,129.60000610351562,129.60000610351562,21876,ITMR.TA
2019-03-11,129.60000610351562,136.0,129.0,135.39999389648438,135.39999389648438,255700,ITMR.TA
2019-03-12,135.39999389648438,137.39999389648438,135.6999969482422,136.8000030517578,136.8000030517578,53314,ITMR.TA
2019-03-13,136.8000030517578,136.8000030517578,134.0,135.0,135.0,149418,ITMR.TA
2019-03-14,135.0,136.89999389648438,134.0,135.8000030517578,135.8000030517578,106737,ITMR.TA
2019-03-17,146.0,146.1999969482422,143.60000610351562,144.39999389648438,144.39999389648438,339106,ITMR.TA
2019-03-18,144.39999389648438,156.5,144.39999389648438,153.0,153.0,1428996,ITMR.TA
2019-03-19,153.0,157.0,150.5,151.1999969482422,151.1999969482422,656247,ITMR.TA
2019-03-20,151.1999969482422,149.10000610351562,145.5,148.0,148.0,333380,ITMR.TA
2019-03-21,148.0,148.0,148.0,148.0,148.0,0,ITMR.TA
2019-03-24,150.0,150.0,145.89999389648438,146.5,146.5,60763,ITMR.TA
2019-03-25,149.0,149.0,141.39999389648438,143.39999389648438,143.39999389648438,61780,ITMR.TA
2019-03-26,143.39999389648438,143.39999389648438,140.60000610351562,141.0,141.0,166218,ITMR.TA
2019-03-27,141.0,141.0,136.89999389648438,137.39999389648438,137.39999389648438,200624,ITMR.TA
2019-03-28,137.39999389648438,137.8000030517578,132.60000610351562,134.8000030517578,134.8000030517578,124628,ITMR.TA
2019-03-31,138.0,138.0,135.0,135.6999969482422,135.6999969482422,69926,ITMR.TA
2019-04-01,137.89999389648438,137.89999389648438,135.6999969482422,136.5,136.5,44923,ITMR.TA
2019-04-02,136.5,136.8000030517578,133.8000030517578,134.0,134.0,335399,ITMR.TA
2019-04-03,132.5,136.89999389648438,129.10000610351562,130.0,130.0,243837,ITMR.TA
2019-04-04,130.0,130.8000030517578,127.30000305175781,127.5999984741211,127.5999984741211,317997,ITMR.TA
2019-04-07,127.5999984741211,130.39999389648438,126.0,126.69999694824219,126.69999694824219,79371,ITMR.TA
2019-04-08,129.0,129.10000610351562,125.4000015258789,126.5999984741211,126.5999984741211,119567,ITMR.TA
2019-04-09,126.5999984741211,126.5999984741211,126.5999984741211,126.5999984741211,126.5999984741211,0,ITMR.TA
2019-04-10,126.5999984741211,129.10000610351562,126.0,127.69999694824219,127.69999694824219,116076,ITMR.TA
2019-04-11,127.69999694824219,127.4000015258789,124.0,126.9000015258789,126.9000015258789,90536,ITMR.TA
2019-04-14,126.9000015258789,129.10000610351562,125.80000305175781,127.5999984741211,127.5999984741211,136679,ITMR.TA
2019-04-15,127.5999984741211,128.5,124.0,124.9000015258789,124.9000015258789,305686,ITMR.TA
2019-04-16,125.69999694824219,125.69999694824219,124.30000305175781,125.0999984741211,125.0999984741211,263421,ITMR.TA
2019-04-17,127.5,127.5,122.0,122.69999694824219,122.69999694824219,184769,ITMR.TA
2019-04-18,122.69999694824219,125.5999984741211,120.0,122.4000015258789,122.4000015258789,319484,ITMR.TA
2019-04-21,122.4000015258789,124.9000015258789,120.80000305175781,121.30000305175781,121.30000305175781,73597,ITMR.TA
2019-04-22,122.0,122.30000305175781,120.0,121.0,121.0,114789,ITMR.TA
2019-04-23,121.0,127.9000015258789,121.0,122.69999694824219,122.69999694824219,245800,ITMR.TA
2019-04-24,122.69999694824219,122.69999694824219,120.0,121.30000305175781,121.30000305175781,291947,ITMR.TA
2019-04-25,121.30000305175781,121.30000305175781,121.30000305175781,121.30000305175781,121.30000305175781,0,ITMR.TA
2019-04-28,121.30000305175781,123.0,119.9000015258789,122.4000015258789,122.4000015258789,322320,ITMR.TA
2019-04-29,122.4000015258789,123.80000305175781,121.5,122.0,122.0,154764,ITMR.TA
2019-04-30,122.0,123.0,120.0,120.80000305175781,120.80000305175781,132387,ITMR.TA
2019-05-01,120.80000305175781,122.5999984741211,120.5999984741211,122.0,122.0,277154,ITMR.TA
2019-05-02,122.0,124.9000015258789,120.0,123.0,123.0,1841454,ITMR.TA
2019-05-05,124.9000015258789,124.9000015258789,120.0,121.19999694824219,121.19999694824219,80315,ITMR.TA
2019-05-06,121.19999694824219,121.19999694824219,118.19999694824219,119.4000015258789,119.4000015258789,1052017,ITMR.TA
2019-05-07,119.4000015258789,121.0,117.0,118.30000305175781,118.30000305175781,566096,ITMR.TA
2019-05-08,118.30000305175781,118.30000305175781,118.30000305175781,118.30000305175781,118.30000305175781,0,ITMR.TA
2019-05-09,118.30000305175781,118.30000305175781,118.30000305175781,118.30000305175781,118.30000305175781,0,ITMR.TA
2019-05-12,115.5,117.5999984741211,115.5,116.9000015258789,116.9000015258789,93208,ITMR.TA
2019-05-13,116.9000015258789,117.0,111.0,112.4000015258789,112.4000015258789,282912,ITMR.TA
2019-05-14,112.4000015258789,114.0,111.80000305175781,113.69999694824219,113.69999694824219,788085,ITMR.TA
2019-05-15,113.69999694824219,113.69999694824219,113.69999694824219,113.69999694824219,113.69999694824219,0,ITMR.TA
2019-05-16,112.0,112.0,110.4000015258789,111.30000305175781,111.30000305175781,38871,ITMR.TA
2019-05-19,111.30000305175781,112.0999984741211,110.4000015258789,110.9000015258789,110.9000015258789,82556,ITMR.TA
2019-05-20,110.9000015258789,112.0,107.0999984741211,107.69999694824219,107.69999694824219,338003,ITMR.TA
2019-05-21,107.69999694824219,107.69999694824219,107.69999694824219,107.69999694824219,107.69999694824219,0,ITMR.TA
2019-05-22,107.19999694824219,108.9000015258789,94.4000015258789,97.5999984741211,97.5999984741211,2605758,ITMR.TA
2019-05-23,97.5999984741211,102.5,96.80000305175781,99.80000305175781,99.80000305175781,432969,ITMR.TA
2019-05-26,99.80000305175781,106.5,103.0,105.19999694824219,105.19999694824219,374409,ITMR.TA
2019-05-27,105.19999694824219,106.0999984741211,103.0,103.5,103.5,772061,ITMR.TA
2019-05-28,103.5,104.9000015258789,102.19999694824219,103.0999984741211,103.0999984741211,126669,ITMR.TA
2019-05-29,103.0999984741211,104.9000015258789,101.9000015258789,102.80000305175781,102.80000305175781,345306,ITMR.TA
2019-05-30,102.80000305175781,104.0,102.5999984741211,102.80000305175781,102.80000305175781,126915,ITMR.TA
2019-06-02,102.80000305175781,109.9000015258789,105.4000015258789,107.69999694824219,107.69999694824219,249309,ITMR.TA
2019-06-03,105.0999984741211,110.4000015258789,105.0999984741211,109.9000015258789,109.9000015258789,219708,ITMR.TA
2019-06-04,109.9000015258789,114.80000305175781,109.19999694824219,114.5,114.5,724465,ITMR.TA
2019-06-05,117.5,120.0,117.5,118.9000015258789,118.9000015258789,138973,ITMR.TA
2019-06-06,119.69999694824219,128.0,117.9000015258789,128.0,128.0,1180747,ITMR.TA
2019-06-09,128.0,128.0,128.0,128.0,128.0,0,ITMR.TA
2019-06-10,126.0,130.0,126.0,128.3000030517578,128.3000030517578,159370,ITMR.TA
2019-06-11,128.3000030517578,128.89999389648438,124.0,124.5999984741211,124.5999984741211,148725,ITMR.TA
2019-06-12,124.5999984741211,125.5999984741211,120.0,122.0,122.0,113969,ITMR.TA
2019-06-13,124.9000015258789,124.9000015258789,118.0,119.5,119.5,276271,ITMR.TA
2019-06-16,116.5999984741211,120.80000305175781,116.5999984741211,119.9000015258789,119.9000015258789,26056,ITMR.TA
2019-06-17,119.9000015258789,120.9000015258789,117.9000015258789,119.9000015258789,119.9000015258789,1030535,ITMR.TA
2019-06-18,119.9000015258789,120.5,117.5,120.0999984741211,120.0999984741211,307914,ITMR.TA
2019-06-19,120.0999984741211,121.9000015258789,120.80000305175781,121.9000015258789,121.9000015258789,85830,ITMR.TA
2019-06-20,121.9000015258789,122.80000305175781,119.0,122.5,122.5,1201985,ITMR.TA
2019-06-23,122.5,123.4000015258789,118.0999984741211,122.4000015258789,122.4000015258789,85168,ITMR.TA
2019-06-24,123.4000015258789,123.4000015258789,120.80000305175781,122.0,122.0,47107,ITMR.TA
2019-06-25,122.0,124.9000015258789,117.5,121.5,121.5,163767,ITMR.TA
2019-06-26,121.5,123.5,118.5,119.69999694824219,119.69999694824219,457960,ITMR.TA
2019-06-27,119.69999694824219,121.19999694824219,119.0999984741211,119.5999984741211,119.5999984741211,45880,ITMR.TA
2019-06-30,119.5999984741211,121.80000305175781,120.5999984741211,121.0999984741211,121.0999984741211,418468,ITMR.TA
2019-07-01,121.0999984741211,122.5999984741211,119.0999984741211,119.69999694824219,119.69999694824219,90999,ITMR.TA
2019-07-02,119.69999694824219,120.69999694824219,119.0,119.0999984741211,119.0999984741211,75141,ITMR.TA
2019-07-03,119.0999984741211,120.9000015258789,117.5999984741211,118.30000305175781,118.30000305175781,236593,ITMR.TA
2019-07-04,121.0,121.0,116.0,116.0,116.0,228396,ITMR.TA
2019-07-07,116.0,116.0,112.0,112.9000015258789,112.9000015258789,170990,ITMR.TA
2019-07-08,112.9000015258789,113.30000305175781,108.0,108.0,108.0,880284,ITMR.TA
2019-07-09,108.0,110.5,107.19999694824219,109.30000305175781,109.30000305175781,291141,ITMR.TA
2019-07-10,109.30000305175781,110.80000305175781,105.69999694824219,108.5,108.5,292896,ITMR.TA
2019-07-11,110.0,110.19999694824219,107.9000015258789,108.69999694824219,108.69999694824219,56030,ITMR.TA
2019-07-14,109.69999694824219,109.69999694824219,108.0,109.0999984741211,109.0999984741211,69708,ITMR.TA
2019-07-15,109.4000015258789,111.69999694824219,109.4000015258789,109.69999694824219,109.69999694824219,18437,ITMR.TA
2019-07-16,110.5,110.5,109.0,109.4000015258789,109.4000015258789,268380,ITMR.TA
2019-07-17,110.19999694824219,111.9000015258789,109.5999984741211,109.5999984741211,109.5999984741211,333727,ITMR.TA
2019-07-18,109.5999984741211,112.5,107.9000015258789,109.4000015258789,109.4000015258789,657493,ITMR.TA
2019-07-21,112.0999984741211,112.0999984741211,107.30000305175781,108.5,108.5,55613,ITMR.TA
2019-07-22,110.5,110.5,107.4000015258789,109.30000305175781,109.30000305175781,78507,ITMR.TA
2019-07-23,109.30000305175781,111.5999984741211,105.30000305175781,106.30000305175781,106.30000305175781,541218,ITMR.TA
2019-07-24,106.30000305175781,108.5999984741211,104.4000015258789,104.5,104.5,219488,ITMR.TA
2019-07-25,104.5,106.0,104.5,105.30000305175781,105.30000305175781,97303,ITMR.TA
2019-07-28,106.19999694824219,108.0,105.0999984741211,107.0,107.0,26138,ITMR.TA
2019-07-29,107.0,107.0,104.4000015258789,105.80000305175781,105.80000305175781,246523,ITMR.TA
2019-07-30,108.0,108.0,105.5,105.9000015258789,105.9000015258789,67344,ITMR.TA
2019-07-31,105.9000015258789,107.5999984741211,105.4000015258789,107.0,107.0,252444,ITMR.TA
2019-08-01,107.19999694824219,109.5,107.0,109.5,109.5,929385,ITMR.TA
2019-08-04,109.0,112.30000305175781,107.30000305175781,109.9000015258789,109.9000015258789,109313,ITMR.TA
2019-08-05,110.5,112.0999984741211,105.19999694824219,107.80000305175781,107.80000305175781,232291,ITMR.TA
2019-08-06,108.4000015258789,109.80000305175781,106.0,107.5999984741211,107.5999984741211,151781,ITMR.TA
2019-08-07,107.5999984741211,113.4000015258789,106.0999984741211,111.9000015258789,111.9000015258789,1609567,ITMR.TA
2019-08-08,113.0,115.80000305175781,112.0,115.0999984741211,115.0999984741211,643856,ITMR.TA
2019-08-11,115.0999984741211,115.0999984741211,115.0999984741211,115.0999984741211,115.0999984741211,0,ITMR.TA
2019-08-12,115.19999694824219,116.4000015258789,114.0,115.30000305175781,115.30000305175781,233686,ITMR.TA
2019-08-13,115.30000305175781,117.69999694824219,115.4000015258789,115.69999694824219,115.69999694824219,153459,ITMR.TA
2019-08-14,117.69999694824219,117.69999694824219,108.5999984741211,109.5999984741211,109.5999984741211,272576,ITMR.TA
2019-08-15,109.5999984741211,113.80000305175781,106.5,107.19999694824219,107.19999694824219,386316,ITMR.TA
2019-08-18,109.80000305175781,111.5,107.5,108.9000015258789,108.9000015258789,106638,ITMR.TA
2019-08-19,109.4000015258789,109.4000015258789,103.69999694824219,105.80000305175781,105.80000305175781,886275,ITMR.TA
2019-08-20,107.80000305175781,107.80000305175781,105.9000015258789,106.5999984741211,106.5999984741211,261438,ITMR.TA
2019-08-21,107.5999984741211,109.80000305175781,107.5999984741211,108.5999984741211,108.5999984741211,39202,ITMR.TA
2019-08-22,110.0,110.0,106.80000305175781,108.5,108.5,182028,ITMR.TA
2019-08-25,108.5,108.0,105.0,107.0999984741211,107.0999984741211,62667,ITMR.TA
2019-08-26,107.0999984741211,108.5,104.69999694824219,105.19999694824219,105.19999694824219,190628,ITMR.TA
2019-08-27,105.19999694824219,106.80000305175781,104.0,104.5999984741211,104.5999984741211,255852,ITMR.TA
2019-08-28,106.69999694824219,106.69999694824219,102.5,104.0999984741211,104.0999984741211,321994,ITMR.TA
2019-08-29,104.5,104.5,102.0,103.5999984741211,103.5999984741211,223931,ITMR.TA
2019-09-01,103.5999984741211,105.80000305175781,103.5999984741211,104.0,104.0,174856,ITMR.TA
2019-09-02,104.0,104.80000305175781,102.5,102.5,102.5,286777,ITMR.TA
2019-09-03,102.5,103.4000015258789,101.5999984741211,101.9000015258789,101.9000015258789,174176,ITMR.TA
2019-09-04,101.9000015258789,102.4000015258789,100.9000015258789,101.0999984741211,101.0999984741211,126970,ITMR.TA
2019-09-05,101.0999984741211,102.5,100.0999984741211,102.5,102.5,590905,ITMR.TA
2019-09-08,103.30000305175781,104.5999984741211,100.4000015258789,101.5,101.5,223270,ITMR.TA
2019-09-09,103.19999694824219,103.19999694824219,98.80000305175781,99.5999984741211,99.5999984741211,356482,ITMR.TA
2019-09-10,100.0999984741211,101.0,99.19999694824219,100.5999984741211,100.5999984741211,839748,ITMR.TA
2019-09-11,100.5999984741211,109.5,99.4000015258789,106.69999694824219,106.69999694824219,2161541,ITMR.TA
2019-09-12,109.9000015258789,109.9000015258789,105.5,108.19999694824219,108.19999694824219,615547,ITMR.TA
2019-09-15,108.19999694824219,108.0999984741211,106.0,106.19999694824219,106.19999694824219,85007,ITMR.TA
2019-09-16,108.0,108.0,104.69999694824219,106.0999984741211,106.0999984741211,242901,ITMR.TA
2019-09-18,106.0999984741211,107.0,103.5999984741211,106.0,106.0,393533,ITMR.TA
2019-09-19,108.5999984741211,108.5999984741211,104.0,105.19999694824219,105.19999694824219,553157,ITMR.TA
2019-09-22,107.30000305175781,108.80000305175781,105.19999694824219,107.5999984741211,107.5999984741211,404276,ITMR.TA
2019-09-23,109.0,109.0,105.80000305175781,107.5,107.5,624862,ITMR.TA
2019-09-24,108.0999984741211,108.9000015258789,105.80000305175781,106.9000015258789,106.9000015258789,107227,ITMR.TA
2019-09-25,107.0,107.0,104.69999694824219,104.9000015258789,104.9000015258789,98967,ITMR.TA
2019-09-26,104.9000015258789,105.19999694824219,102.5999984741211,104.80000305175781,104.80000305175781,709920,ITMR.TA
2019-10-02,104.80000305175781,106.4000015258789,102.9000015258789,103.0999984741211,103.0999984741211,87671,ITMR.TA
2019-10-03,103.0999984741211,103.80000305175781,101.9000015258789,101.9000015258789,101.9000015258789,368171,ITMR.TA
2019-10-06,101.9000015258789,106.0,102.0999984741211,102.80000305175781,102.80000305175781,177239,ITMR.TA
2019-10-07,104.0,105.0999984741211,102.0,103.0999984741211,103.0999984741211,147087,ITMR.TA
2019-10-10,103.0999984741211,104.5999984741211,101.0999984741211,101.5,101.5,112914,ITMR.TA
2019-10-15,101.5,101.5,99.9000015258789,101.4000015258789,101.4000015258789,348587,ITMR.TA
2019-10-16,101.19999694824219,101.69999694824219,100.19999694824219,100.9000015258789,100.9000015258789,300481,ITMR.TA
2019-10-17,100.9000015258789,101.80000305175781,100.9000015258789,101.0,101.0,251432,ITMR.TA
2019-10-22,101.0,101.30000305175781,100.0,100.9000015258789,100.9000015258789,177104,ITMR.TA
2019-10-23,100.9000015258789,100.5,98.5,98.80000305175781,98.80000305175781,529715,ITMR.TA
2019-10-24,98.80000305175781,100.9000015258789,97.80000305175781,99.4000015258789,99.4000015258789,730637,ITMR.TA
2019-10-27,98.0,100.0,98.0,99.19999694824219,99.19999694824219,635835,ITMR.TA
2019-10-28,99.19999694824219,99.69999694824219,95.9000015258789,96.5999984741211,96.5999984741211,765842,ITMR.TA
2019-10-29,96.5999984741211,98.5,96.5,97.9000015258789,97.9000015258789,408577,ITMR.TA
2019-10-30,98.5999984741211,98.5999984741211,96.5999984741211,96.9000015258789,96.9000015258789,138491,ITMR.TA
2019-10-31,95.30000305175781,101.0,94.69999694824219,98.0,98.0,676900,ITMR.TA
2019-11-03,98.0,104.80000305175781,97.5999984741211,100.19999694824219,100.19999694824219,578152,ITMR.TA
2019-11-04,100.69999694824219,102.5,96.9000015258789,97.0999984741211,97.0999984741211,671393,ITMR.TA
2019-11-05,99.30000305175781,99.30000305175781,96.19999694824219,96.80000305175781,96.80000305175781,744259,ITMR.TA
2019-11-06,97.0999984741211,100.9000015258789,95.4000015258789,100.4000015258789,100.4000015258789,1620017,ITMR.TA
2019-11-07,100.4000015258789,107.5,98.69999694824219,107.5,107.5,1613210,ITMR.TA
2019-11-10,107.5,109.9000015258789,107.5,109.19999694824219,109.19999694824219,166811,ITMR.TA
2019-11-11,109.19999694824219,110.0,107.0,107.0999984741211,107.0999984741211,285807,ITMR.TA
2019-11-12,107.0999984741211,108.5,105.4000015258789,106.5999984741211,106.5999984741211,386656,ITMR.TA
2019-11-13,108.0,108.4000015258789,107.4000015258789,108.0,108.0,65279,ITMR.TA
2019-11-14,108.80000305175781,113.80000305175781,108.0,113.30000305175781,113.30000305175781,793917,ITMR.TA
2019-11-17,115.80000305175781,115.80000305175781,110.0999984741211,114.5,114.5,103553,ITMR.TA
2019-11-18,114.9000015258789,115.0,114.0,114.5,114.5,93369,ITMR.TA
2019-11-19,114.5,115.5,113.5,114.80000305175781,114.80000305175781,101501,ITMR.TA
2019-11-20,114.80000305175781,114.69999694824219,113.9000015258789,114.19999694824219,114.19999694824219,40473,ITMR.TA
2019-11-21,114.19999694824219,115.0,113.80000305175781,114.4000015258789,114.4000015258789,153714,ITMR.TA
2019-11-24,114.4000015258789,115.5999984741211,114.4000015258789,115.19999694824219,115.19999694824219,41232,ITMR.TA
2019-11-25,115.19999694824219,117.69999694824219,114.80000305175781,116.80000305175781,116.80000305175781,295133,ITMR.TA
2019-11-26,117.80000305175781,121.9000015258789,116.5,120.0999984741211,120.0999984741211,824981,ITMR.TA
2019-11-27,115.0,119.0,113.4000015258789,115.0999984741211,115.0999984741211,375655,ITMR.TA
2019-11-28,115.0999984741211,117.69999694824219,114.5,116.80000305175781,116.80000305175781,620475,ITMR.TA
2019-12-01,116.80000305175781,118.9000015258789,117.0,117.0999984741211,117.0999984741211,120482,ITMR.TA
2019-12-02,117.0999984741211,117.0999984741211,113.4000015258789,115.5,115.5,441682,ITMR.TA
2019-12-03,115.5,116.0,113.30000305175781,115.0,115.0,334738,ITMR.TA
2019-12-04,115.0,119.69999694824219,114.0,115.0,115.0,1028844,ITMR.TA
2019-12-05,120.0,124.0,119.5,122.9000015258789,122.9000015258789,2820705,ITMR.TA
2019-12-08,126.0,129.89999389648438,125.5,129.5,129.5,953515,ITMR.TA
2019-12-09,129.89999389648438,129.89999389648438,126.69999694824219,129.0,129.0,474789,ITMR.TA
2019-12-10,129.0,128.1999969482422,123.0,126.80000305175781,126.80000305175781,302854,ITMR.TA
2019-12-11,129.0,133.8000030517578,126.80000305175781,130.8000030517578,130.8000030517578,819157,ITMR.TA
2019-12-12,130.0,130.8000030517578,128.5,130.10000610351562,130.10000610351562,371027,ITMR.TA
2019-12-15,130.10000610351562,134.60000610351562,130.10000610351562,132.6999969482422,132.6999969482422,174254,ITMR.TA
2019-12-16,132.6999969482422,133.60000610351562,131.60000610351562,133.0,133.0,276648,ITMR.TA
2019-12-17,133.89999389648438,133.89999389648438,131.10000610351562,132.5,132.5,709666,ITMR.TA
2019-12-18,130.0,133.0,129.6999969482422,130.60000610351562,130.60000610351562,89410,ITMR.TA
2019-12-19,130.60000610351562,130.60000610351562,126.0,128.3000030517578,128.3000030517578,300301,ITMR.TA
2019-12-22,133.8000030517578,133.8000030517578,130.89999389648438,133.10000610351562,133.10000610351562,299708,ITMR.TA
2019-12-23,133.10000610351562,133.60000610351562,129.89999389648438,130.6999969482422,130.6999969482422,939961,ITMR.TA
2019-12-24,130.6999969482422,135.10000610351562,130.5,135.10000610351562,135.10000610351562,436205,ITMR.TA
2019-12-25,137.8000030517578,139.8000030517578,137.8000030517578,139.3000030517578,139.3000030517578,399181,ITMR.TA
2019-12-26,139.3000030517578,143.60000610351562,139.10000610351562,142.60000610351562,142.60000610351562,400644,ITMR.TA
2019-12-29,140.0,144.6999969482422,135.0,137.3000030517578,137.3000030517578,680270,ITMR.TA
2019-12-30,137.3000030517578,144.0,136.0,143.3000030517578,143.3000030517578,741189,ITMR.TA
2019-12-31,146.0,148.0,143.3000030517578,146.60000610351562,146.60000610351562,629491,ITMR.TA
2020-01-01,146.60000610351562,146.39999389648438,142.89999389648438,143.10000610351562,143.10000610351562,454864,ITMR.TA
2020-01-02,143.89999389648438,145.60000610351562,141.10000610351562,145.60000610351562,145.60000610351562,1751532,ITMR.TA
2020-01-05,143.0,145.0,139.3000030517578,143.39999389648438,143.39999389648438,182543,ITMR.TA
2020-01-06,145.10000610351562,145.10000610351562,137.5,141.1999969482422,141.1999969482422,558709,ITMR.TA
2020-01-07,141.1999969482422,144.1999969482422,141.5,142.1999969482422,142.1999969482422,82611,ITMR.TA
2020-01-08,143.60000610351562,143.60000610351562,140.0,142.8000030517578,142.8000030517578,201619,ITMR.TA
2020-01-09,142.8000030517578,145.3000030517578,142.10000610351562,144.39999389648438,144.39999389648438,251303,ITMR.TA
2020-01-12,149.0,154.5,149.0,153.6999969482422,153.6999969482422,483745,ITMR.TA
2020-01-13,155.5,170.0,155.5,168.0,168.0,4784256,ITMR.TA
2020-01-14,171.89999389648438,175.8000030517578,168.0,172.5,172.5,3938109,ITMR.TA
2020-01-15,173.0,173.39999389648438,162.60000610351562,173.39999389648438,173.39999389648438,1465997,ITMR.TA
2020-01-16,171.0,173.39999389648438,166.0,173.39999389648438,173.39999389648438,1691850,ITMR.TA
2020-01-19,173.39999389648438,173.89999389648438,170.10000610351562,170.1999969482422,170.1999969482422,375004,ITMR.TA
2020-01-20,169.8000030517578,169.89999389648438,164.0,167.0,167.0,820993,ITMR.TA
2020-01-21,167.0,167.0,159.0,166.8000030517578,166.8000030517578,1773544,ITMR.TA
2020-01-22,166.5,166.5,166.5,166.5,166.5,919432,ITMR.TA
2020-01-23,166.5,172.10000610351562,166.3000030517578,170.8000030517578,170.8000030517578,381960,ITMR.TA
2020-01-26,166.6999969482422,170.0,164.5,167.0,167.0,335456,ITMR.TA
2020-01-27,167.0,167.0,156.1999969482422,162.6999969482422,162.6999969482422,402763,ITMR.TA
2020-01-28,164.0,165.89999389648438,161.60000610351562,165.3000030517578,165.3000030517578,397948,ITMR.TA
2020-01-29,161.0,168.0,158.0,166.3000030517578,166.3000030517578,1014515,ITMR.TA
2020-01-30,160.10000610351562,164.39999389648438,159.0,164.39999389648438,164.39999389648438,839602,ITMR.TA
2020-02-02,176.0,183.10000610351562,174.10000610351562,177.89999389648438,177.89999389648438,1483995,ITMR.TA
2020-02-03,177.89999389648438,179.0,173.0,179.0,179.0,483732,ITMR.TA
2020-02-04,183.3000030517578,187.0,181.1999969482422,182.8000030517578,182.8000030517578,1910319,ITMR.TA
2020-02-05,185.89999389648438,192.0,183.6999969482422,189.3000030517578,189.3000030517578,2645872,ITMR.TA
2020-02-06,192.0,192.0,179.0,179.0,179.0,1452987,ITMR.TA
2020-02-09,179.0,181.0,171.0,176.3000030517578,176.3000030517578,241395,ITMR.TA
2020-02-10,176.3000030517578,180.10000610351562,174.5,178.89999389648438,178.89999389648438,425274,ITMR.TA
2020-02-11,184.3000030517578,184.3000030517578,184.3000030517578,184.3000030517578,184.3000030517578,505725,ITMR.TA
2020-02-12,197.1999969482422,197.1999969482422,197.1999969482422,197.1999969482422,197.1999969482422,0,ITMR.TA
2020-02-13,197.0,197.0,193.39999389648438,193.89999389648438,193.89999389648438,1037877,ITMR.TA
2020-02-16,193.0,193.0,184.0,184.89999389648438,184.89999389648438,235292,ITMR.TA
2020-02-17,184.89999389648438,188.0,184.89999389648438,186.60000610351562,186.60000610351562,132745,ITMR.TA
2020-02-18,188.8000030517578,188.8000030517578,179.0,179.39999389648438,179.39999389648438,235405,ITMR.TA
2020-02-19,183.6999969482422,184.0,180.39999389648438,181.8000030517578,181.8000030517578,238485,ITMR.TA
2020-02-20,185.89999389648438,185.89999389648438,183.89999389648438,184.8000030517578,184.8000030517578,156473,ITMR.TA
2020-02-23,180.0,180.0,175.5,177.60000610351562,177.60000610351562,439527,ITMR.TA
2020-02-24,177.60000610351562,177.60000610351562,162.1999969482422,177.0,177.0,1420601,ITMR.TA
2020-02-25,188.0,188.0,180.8000030517578,182.6999969482422,182.6999969482422,487454,ITMR.TA
2020-02-26,178.39999389648438,181.1999969482422,177.3000030517578,178.0,178.0,313740,ITMR.TA
2020-02-27,178.0,175.8000030517578,169.1999969482422,169.39999389648438,169.39999389648438,264008,ITMR.TA
2020-03-01,163.0,175.10000610351562,162.0,167.3000030517578,167.3000030517578,386840,ITMR.TA
2020-03-03,171.39999389648438,178.0,171.39999389648438,172.3000030517578,172.3000030517578,240084,ITMR.TA
2020-03-04,169.10000610351562,171.89999389648438,163.6999969482422,167.0,167.0,246995,ITMR.TA
2020-03-05,168.0,168.89999389648438,158.3000030517578,160.60000610351562,160.60000610351562,1258915,ITMR.TA
2020-03-08,148.0,148.0,133.10000610351562,144.0,144.0,467950,ITMR.TA
2020-03-09,130.10000610351562,140.0,126.4000015258789,137.10000610351562,137.10000610351562,685266,ITMR.TA
2020-03-11,139.0,142.10000610351562,137.10000610351562,137.39999389648438,137.39999389648438,1976997,ITMR.TA
2020-03-12,137.39999389648438,129.0,120.0,125.9000015258789,125.9000015258789,717971,ITMR.TA
2020-03-15,122.9000015258789,139.3000030517578,121.0999984741211,137.3000030517578,137.3000030517578,727382,ITMR.TA
2020-03-16,133.89999389648438,133.89999389648438,121.5999984741211,123.69999694824219,123.69999694824219,343038,ITMR.TA
2020-03-17,119.0,122.19999694824219,116.0,117.5,117.5,482304,ITMR.TA
2020-03-18,117.0,117.0,106.5999984741211,108.30000305175781,108.30000305175781,289797,ITMR.TA
2020-03-19,105.0,108.19999694824219,103.0999984741211,105.30000305175781,105.30000305175781,390765,ITMR.TA
2020-03-22,103.0,109.0999984741211,99.69999694824219,99.80000305175781,99.80000305175781,684088,ITMR.TA
2020-03-23,97.0999984741211,104.0999984741211,97.0999984741211,102.30000305175781,102.30000305175781,696416,ITMR.TA
2020-03-24,103.0,111.0,103.0,111.0,111.0,918977,ITMR.TA
2020-03-25,119.5999984741211,121.0,114.30000305175781,119.69999694824219,119.69999694824219,746279,ITMR.TA
2020-03-26,119.69999694824219,128.89999389648438,119.69999694824219,128.0,128.0,871880,ITMR.TA
2020-03-29,126.0,130.0,124.0,125.69999694824219,125.69999694824219,175570,ITMR.TA
2020-03-30,128.8000030517578,131.0,125.0,130.3000030517578,130.3000030517578,560103,ITMR.TA
2020-03-31,134.5,140.1999969482422,134.5,140.0,140.0,783612,ITMR.TA
2020-04-01,140.0,141.89999389648438,135.0,140.3000030517578,140.3000030517578,480805,ITMR.TA
2020-04-02,143.60000610351562,145.89999389648438,137.1999969482422,145.89999389648438,145.89999389648438,391746,ITMR.TA
2020-04-05,145.89999389648438,150.0,141.8000030517578,144.39999389648438,144.39999389648438,387873,ITMR.TA
2020-04-06,144.39999389648438,163.8000030517578,147.8000030517578,162.5,162.5,451092,ITMR.TA
2020-04-07,166.8000030517578,177.0,160.0,172.89999389648438,172.89999389648438,904172,ITMR.TA
2020-04-12,172.89999389648438,172.89999389648438,164.0,164.89999389648438,164.89999389648438,233587,ITMR.TA
2020-04-13,167.0,167.0,162.10000610351562,163.1999969482422,163.1999969482422,92035,ITMR.TA
2020-04-16,166.10000610351562,166.10000610351562,153.10000610351562,154.39999389648438,154.39999389648438,653833,ITMR.TA
2020-04-19,159.89999389648438,171.0,157.0,168.89999389648438,168.89999389648438,851918,ITMR.TA
2020-04-20,168.89999389648438,176.5,166.1999969482422,174.8000030517578,174.8000030517578,302327,ITMR.TA
2020-04-21,175.0,180.0,170.89999389648438,172.10000610351562,172.10000610351562,186842,ITMR.TA
2020-04-22,171.0,180.8000030517578,167.0,168.6999969482422,168.6999969482422,452898,ITMR.TA
2020-04-23,169.6999969482422,170.6999969482422,167.10000610351562,169.10000610351562,169.10000610351562,118554,ITMR.TA
2020-04-26,168.39999389648438,170.0,167.0,169.0,169.0,66483,ITMR.TA
2020-04-27,170.0,175.0,166.89999389648438,173.0,173.0,192821,ITMR.TA
2020-04-30,169.39999389648438,176.60000610351562,169.39999389648438,172.1999969482422,172.1999969482422,347695,ITMR.TA
2020-05-03,168.1999969482422,172.1999969482422,168.0,168.8000030517578,168.8000030517578,39599,ITMR.TA
2020-05-04,168.8000030517578,183.1999969482422,166.0,173.0,173.0,748202,ITMR.TA
2020-05-05,177.1999969482422,177.5,174.8000030517578,177.39999389648438,177.39999389648438,251760,ITMR.TA
2020-05-06,178.89999389648438,178.89999389648438,171.10000610351562,175.39999389648438,175.39999389648438,144369,ITMR.TA
2020-05-07,175.39999389648438,176.6999969482422,173.5,176.39999389648438,176.39999389648438,187987,ITMR.TA
2020-05-10,176.39999389648438,177.10000610351562,173.60000610351562,175.39999389648438,175.39999389648438,305405,ITMR.TA
2020-05-11,175.39999389648438,178.89999389648438,173.10000610351562,173.10000610351562,173.10000610351562,230285,ITMR.TA
2020-05-12,176.39999389648438,177.5,174.10000610351562,176.89999389648438,176.89999389648438,92947,ITMR.TA
2020-05-13,173.39999389648438,176.89999389648438,173.39999389648438,173.5,173.5,166975,ITMR.TA
2020-05-14,173.0,173.0,160.0,163.89999389648438,163.89999389648438,229106,ITMR.TA
2020-05-17,163.89999389648438,172.10000610351562,163.89999389648438,169.8000030517578,169.8000030517578,58313,ITMR.TA
2020-05-18,169.8000030517578,177.39999389648438,169.8000030517578,175.89999389648438,175.89999389648438,129730,ITMR.TA
2020-05-19,180.0,181.10000610351562,172.1999969482422,175.8000030517578,175.8000030517578,154655,ITMR.TA
2020-05-20,175.8000030517578,180.10000610351562,174.10000610351562,179.6999969482422,179.6999969482422,94938,ITMR.TA
2020-05-21,179.6999969482422,178.8000030517578,174.60000610351562,175.39999389648438,175.39999389648438,87022,ITMR.TA
2020-05-24,175.39999389648438,182.0,175.39999389648438,181.10000610351562,181.10000610351562,106382,ITMR.TA
2020-05-25,180.0,180.0,179.0,179.8000030517578,179.8000030517578,196326,ITMR.TA
2020-05-26,179.8000030517578,187.5,179.8000030517578,185.5,185.5,316519,ITMR.TA
2020-05-27,181.1999969482422,189.5,181.1999969482422,184.1999969482422,184.1999969482422,486647,ITMR.TA
2020-05-31,184.1999969482422,186.89999389648438,174.0,176.0,176.0,158021,ITMR.TA
2020-06-01,176.0,178.89999389648438,172.5,176.6999969482422,176.6999969482422,182796,ITMR.TA
2020-06-02,176.6999969482422,178.0,172.60000610351562,174.5,174.5,111871,ITMR.TA
2020-06-03,174.5,177.6999969482422,170.5,175.0,175.0,119410,ITMR.TA
2020-06-04,175.0,178.8000030517578,175.0,175.0,175.0,331716,ITMR.TA
2020-06-08,179.0,179.0,176.0,176.60000610351562,176.60000610351562,189529,ITMR.TA
2020-06-09,179.0,185.0,178.60000610351562,184.5,184.5,385399,ITMR.TA
2020-06-10,186.0,214.8000030517578,186.0,213.8000030517578,213.8000030517578,2054830,ITMR.TA
2020-06-11,210.0,216.0,192.39999389648438,195.3000030517578,195.3000030517578,1404690,ITMR.TA
2020-06-14,192.10000610351562,205.0,192.10000610351562,201.6999969482422,201.6999969482422,301484,ITMR.TA
2020-06-15,201.6999969482422,206.0,196.1999969482422,203.3000030517578,203.3000030517578,161637,ITMR.TA
2020-06-16,212.0,239.0,212.0,235.60000610351562,235.60000610351562,2538027,ITMR.TA
2020-06-17,241.39999389648438,253.0,241.39999389648438,253.0,253.0,1227732,ITMR.TA
2020-06-18,250.0,253.0,243.0,251.1999969482422,251.1999969482422,885370,ITMR.TA
2020-06-21,251.1999969482422,253.0,245.1999969482422,246.8000030517578,246.8000030517578,279403,ITMR.TA
2020-06-22,247.0,249.0,239.0,242.39999389648438,242.39999389648438,699432,ITMR.TA
2020-06-23,242.39999389648438,249.0,242.39999389648438,245.3000030517578,245.3000030517578,801359,ITMR.TA
2020-06-24,243.0,244.0,231.5,236.5,236.5,712428,ITMR.TA
2020-06-25,230.0,232.0,225.10000610351562,228.0,228.0,383913,ITMR.TA
2020-06-28,222.5,227.89999389648438,212.1999969482422,216.0,216.0,234600,ITMR.TA
2020-06-29,216.0,219.0,214.0,217.5,217.5,278635,ITMR.TA
2020-06-30,217.5,225.0,213.3000030517578,222.6999969482422,222.6999969482422,1710161,ITMR.TA
2020-07-01,222.6999969482422,234.10000610351562,212.6999969482422,224.10000610351562,224.10000610351562,1267384,ITMR.TA
2020-07-02,229.5,245.0,227.0,240.5,240.5,1659368,ITMR.TA
2020-07-05,240.0,240.0,225.0,235.5,235.5,214915,ITMR.TA
2020-07-06,235.5,249.0,238.10000610351562,247.39999389648438,247.39999389648438,463979,ITMR.TA
2020-07-07,247.39999389648438,247.39999389648438,239.0,240.0,240.0,580112,ITMR.TA
2020-07-08,245.8000030517578,245.8000030517578,240.0,243.6999969482422,243.6999969482422,585107,ITMR.TA
2020-07-09,245.0,277.8999938964844,244.1999969482422,267.0,267.0,2504164,ITMR.TA
2020-07-12,274.0,277.8999938964844,270.0,277.5,277.5,1002179,ITMR.TA
2020-07-13,283.8999938964844,283.8999938964844,269.20001220703125,269.20001220703125,269.20001220703125,785716,ITMR.TA
2020-07-14,262.70001220703125,274.0,252.0,262.6000061035156,262.6000061035156,1507404,ITMR.TA
2020-07-15,272.0,273.5,267.0,271.0,271.0,351629,ITMR.TA
2020-07-16,264.3999938964844,269.79998779296875,263.0,265.5,265.5,593084,ITMR.TA
2020-07-19,265.5,267.5,261.0,262.29998779296875,262.29998779296875,197130,ITMR.TA
2020-07-20,268.70001220703125,279.0,264.79998779296875,267.6000061035156,267.6000061035156,595966,ITMR.TA
2020-07-21,269.0,269.20001220703125,262.0,262.0,262.0,558755,ITMR.TA
2020-07-22,265.8999938964844,265.8999938964844,258.1000061035156,263.8999938964844,263.8999938964844,335331,ITMR.TA
2020-07-23,266.0,273.1000061035156,265.0,268.8999938964844,268.8999938964844,1065190,ITMR.TA
2020-07-26,266.8999938964844,268.8999938964844,263.0,265.6000061035156,265.6000061035156,256291,ITMR.TA
2020-07-27,264.1000061035156,279.0,264.1000061035156,273.70001220703125,273.70001220703125,1661520,ITMR.TA
2020-07-28,276.0,280.0,274.79998779296875,276.0,276.0,881794,ITMR.TA
2020-07-29,279.0,289.0,277.0,287.29998779296875,287.29998779296875,1723957,ITMR.TA
2020-08-02,294.0,308.0,294.0,297.5,297.5,1740758,ITMR.TA
2020-08-03,302.0,302.0,285.20001220703125,288.0,288.0,1743106,ITMR.TA
2020-08-04,297.0,297.0,281.8999938964844,284.8999938964844,284.8999938964844,1017483,ITMR.TA
2020-08-05,289.0,289.0,275.5,281.0,281.0,872453,ITMR.TA
2020-08-06,284.5,287.6000061035156,273.0,287.6000061035156,287.6000061035156,28967325,ITMR.TA
2020-08-09,288.5,295.0,288.0,290.0,290.0,1019578,ITMR.TA
2020-08-10,290.0,298.70001220703125,290.0,291.5,291.5,1108774,ITMR.TA
2020-08-11,296.8999938964844,314.5,253.0,255.0,255.0,7483847,ITMR.TA
2020-08-12,255.0,267.5,255.0,266.1000061035156,266.1000061035156,1902807,ITMR.TA
2020-08-13,266.1000061035156,268.6000061035156,257.0,263.29998779296875,263.29998779296875,2386728,ITMR.TA
2020-08-16,257.0,261.8999938964844,252.3000030517578,253.1999969482422,253.1999969482422,1298017,ITMR.TA
2020-08-17,253.1999969482422,253.89999389648438,238.1999969482422,241.60000610351562,241.60000610351562,1740812,ITMR.TA
2020-08-18,240.39999389648438,248.8000030517578,235.0,240.1999969482422,240.1999969482422,999478,ITMR.TA
2020-08-19,239.0,239.89999389648438,229.5,234.39999389648438,234.39999389648438,668642,ITMR.TA
2020-08-20,233.6999969482422,233.6999969482422,220.1999969482422,223.0,223.0,1510684,ITMR.TA
2020-08-23,215.0,231.39999389648438,215.0,224.1999969482422,224.1999969482422,1232818,ITMR.TA
2020-08-24,224.1999969482422,233.89999389648438,224.1999969482422,229.0,229.0,1226676,ITMR.TA
2020-08-25,232.3000030517578,237.3000030517578,231.5,236.3000030517578,236.3000030517578,1055616,ITMR.TA
2020-08-26,236.89999389648438,238.5,235.0,235.6999969482422,235.6999969482422,919411,ITMR.TA
2020-08-27,233.39999389648438,242.0,233.39999389648438,239.1999969482422,239.1999969482422,779141,ITMR.TA
2020-08-30,239.3000030517578,242.39999389648438,239.3000030517578,241.89999389648438,241.89999389648438,276888,ITMR.TA
2020-08-31,241.89999389648438,249.0,241.1999969482422,249.0,249.0,1414370,ITMR.TA
2020-09-01,249.0,258.0,245.0,255.39999389648438,255.39999389648438,979119,ITMR.TA
2020-09-02,258.1000061035156,274.0,252.3000030517578,267.79998779296875,267.79998779296875,1214681,ITMR.TA
2020-09-03,273.1000061035156,275.0,262.5,269.8999938964844,269.8999938964844,1871967,ITMR.TA
2020-09-06,258.0,258.29998779296875,245.0,256.20001220703125,256.20001220703125,618064,ITMR.TA
2020-09-07,256.0,258.5,255.0,257.3999938964844,257.3999938964844,249278,ITMR.TA
2020-09-08,257.3999938964844,260.1000061035156,248.1999969482422,248.39999389648438,248.39999389648438,1891244,ITMR.TA
2020-09-09,248.39999389648438,253.60000610351562,248.39999389648438,252.3000030517578,252.3000030517578,317596,ITMR.TA
2020-09-10,252.3000030517578,252.3000030517578,246.10000610351562,247.1999969482422,247.1999969482422,488879,ITMR.TA
2020-09-13,243.60000610351562,245.6999969482422,240.0,240.3000030517578,240.3000030517578,445492,ITMR.TA
2020-09-14,241.10000610351562,246.0,241.0,245.39999389648438,245.39999389648438,224762,ITMR.TA
2020-09-15,245.39999389648438,266.79998779296875,245.39999389648438,263.6000061035156,263.6000061035156,366175,ITMR.TA
2020-09-16,263.70001220703125,266.79998779296875,259.0,261.1000061035156,261.1000061035156,330073,ITMR.TA
2020-09-17,259.1000061035156,259.1000061035156,251.10000610351562,253.8000030517578,253.8000030517578,309656,ITMR.TA
2020-09-21,253.8000030517578,258.3999938964844,252.10000610351562,253.3000030517578,253.3000030517578,278965,ITMR.TA
2020-09-22,252.60000610351562,258.5,252.60000610351562,257.0,257.0,439593,ITMR.TA
2020-09-23,257.0,257.0,253.5,253.6999969482422,253.6999969482422,251891,ITMR.TA
2020-09-24,240.0,249.0,238.0,238.0,238.0,854234,ITMR.TA
